﻿<?xml version="1.0" encoding="utf-8"?>
<doc>
  <assembly>
    <name>System.Web.WebPages.Deployment</name>
  </assembly>
  <members>
    <member name="T:System.Web.WebPages.Deployment.PreApplicationStartCode">
      <summary>Udostępnia punkt rejestracji dla kodu uruchomienia wstępnej aplikacji do wdrażania programu Web Pages.</summary>
    </member>
    <member name="M:System.Web.WebPages.Deployment.PreApplicationStartCode.Start">
      <summary>Rejestruje kod uruchomienia wstępnej aplikacji do wdrażania programu Web Pages.</summary>
    </member>
    <member name="T:System.Web.WebPages.Deployment.WebPagesDeployment">
      <summary>Ten typ/element obsługuje infrastrukturę .NET Framework i nie jest przeznaczony do bezpośredniego używania w kodzie.Udostępnia metody używane do pobierania informacji wdrożeniowych o aplikacji sieci Web.</summary>
    </member>
    <member name="M:System.Web.WebPages.Deployment.WebPagesDeployment.GetAssemblyPath(System.Version)">
      <summary>Ten typ/element obsługuje infrastrukturę .NET Framework i nie jest przeznaczony do bezpośredniego używania w kodzie.Pobiera ścieżkę zestawu dla wdrożenia stron sieci Web.</summary>
      <returns>Ścieżka zestawu dla wdrożenia stron sieci Web.</returns>
      <param name="version">Wersja stron sieci Web.</param>
    </member>
    <member name="M:System.Web.WebPages.Deployment.WebPagesDeployment.GetExplicitWebPagesVersion(System.String)">
      <summary>Ten typ/element obsługuje infrastrukturę .NET Framework i nie jest przeznaczony do bezpośredniego używania w kodzie.Pobiera wersję stron sieci Web z danej ścieżki binarnej.</summary>
      <returns>Wersja stron sieci Web.</returns>
      <param name="path">Ścieżka binarna dla stron sieci Web.</param>
    </member>
    <member name="M:System.Web.WebPages.Deployment.WebPagesDeployment.GetIncompatibleDependencies(System.String)">
      <summary>Ten typ/element obsługuje infrastrukturę .NET Framework i nie jest przeznaczony do bezpośredniego używania w kodzie.Pobiera referencje zestawu z danej ścieżki, bez względu na wersję stron sieci Web.</summary>
      <returns>Słownik zawierający referencje zestawu stron sieci Web oraz jego wersję.</returns>
      <param name="appPath">Ścieżka do aplikacji stron sieci Web.</param>
    </member>
    <member name="M:System.Web.WebPages.Deployment.WebPagesDeployment.GetMaxVersion">
      <summary>Ten typ/element obsługuje infrastrukturę .NET Framework i nie jest przeznaczony do bezpośredniego używania w kodzie.Pobiera maksymalną wersję stron sieci Web załadowanych zespołów.</summary>
      <returns>Maksymalna wersja stron sieci Web załadowanych zespołów.</returns>
    </member>
    <member name="M:System.Web.WebPages.Deployment.WebPagesDeployment.GetVersion(System.String)">
      <summary>Pobiera wersję stron sieci Web z danej ścieżki.</summary>
      <returns>Wersja stron sieci Web.</returns>
      <param name="path">Ścieżka do katalogu głównego aplikacji.</param>
    </member>
    <member name="M:System.Web.WebPages.Deployment.WebPagesDeployment.GetVersionWithoutEnabledCheck(System.String)">
      <summary>Ten typ/element obsługuje infrastrukturę .NET Framework i nie jest przeznaczony do bezpośredniego używania w kodzie.Pobiera wersję stron sieci Web przy użyciu ustawień konfiguracji z określoną ścieżką.</summary>
      <returns>Wersja stron sieci Web.</returns>
      <param name="path">Ścieżka do ustawień aplikacji.</param>
    </member>
    <member name="M:System.Web.WebPages.Deployment.WebPagesDeployment.GetWebPagesAssemblies">
      <summary>Ten typ/element obsługuje infrastrukturę .NET Framework i nie jest przeznaczony do bezpośredniego używania w kodzie.Zwraca zestawy dla wdrożenia stron sieci Web.</summary>
      <returns>Lista zawierająca zestawy dla wdrożenia stron sieci Web.</returns>
    </member>
    <member name="M:System.Web.WebPages.Deployment.WebPagesDeployment.IsEnabled(System.String)">
      <summary>Ten typ/element obsługuje infrastrukturę .NET Framework i nie jest przeznaczony do bezpośredniego używania w kodzie.Wskazuje, czy wdrożenie stron sieci Web jest włączone.</summary>
      <returns>Wartość true, jeśli wdrożenie stron sieci Web jest włączone, w przeciwnym razie wartość false.</returns>
      <param name="path">Ścieżka do wdrożenia stron sieci Web.</param>
    </member>
    <member name="M:System.Web.WebPages.Deployment.WebPagesDeployment.IsExplicitlyDisabled(System.String)">
      <summary>Ten typ/element obsługuje infrastrukturę .NET Framework i nie jest przeznaczony do bezpośredniego używania w kodzie.Wskazuje, czy wdrożenie stron sieci Web jest jawnie wyłączone.</summary>
      <returns>Wartość true, jeśli wdrożenie stron sieci Web jest jawnie wyłączone, w przeciwnym razie wartość false.</returns>
      <param name="path">Ścieżka do wdrożenia stron sieci Web.</param>
    </member>
  </members>
</doc>